subject,date,eid,ROI
ZFM-06171,2023-08-18,3b0199af-0546-42ea-8a5b-e2b1b0c05325,Region3G
ZFM-05245,2023-03-13,19ddec16-aef3-403d-8b75-217a38182dce,Region4G
ZFM-04533,2022-06-23,ae863de5-ad09-406a-99c9-c3264e4568b9,Region6G
ZFM-04392,2023-02-08,03d9e3ca-5472-4f31-8137-d153a4af5524,Region3G
ZFM-03448,2021-12-13,2c9cffdb-7b36-49ab-acf4-0f91de05626b,Region4G
ZFM-03059,2021-09-21,e3d2b346-ebf3-492c-a0fa-997f464e47f8,Region1G
ZFM-05245,2023-03-29,e7c37ff1-e3ee-4e82-813f-f408af91730c,Region3G
ZFM-03061,2021-09-10,e8180709-33f2-4f1f-87a8-af597c9c7260,Region6G
ZFM-05236,2023-07-04,cb7994bf-f063-46ea-bd05-aa6e9a2fc7ef,Region3G
ZFM-04019,2022-07-13,41cc34ab-deda-480b-b957-380abb2117c0,Region5G
ZFM-06271,2023-09-05,4d056e4e-1285-43fe-b9b6-b9f414bd808e,Region3G
ZFM-06275,2024-01-11,8eac586e-7e81-4430-b3a4-7a1412adf39d,Region6G
ZFM-05236,2023-03-14,fdae1a4d-639e-4d22-b065-777cebd3742f,Region3G
ZFM-04022,2022-06-27,384bf21a-eba2-43ff-b177-b6455e65882a,Region5G
ZFM-04534,2023-03-16,2e7a8008-c655-47c0-aaae-31c8a9f473e5,Region4G
ZFM-05245,2023-03-23,b52fcc2d-2079-4690-ba28-46761d098bf4,Region3G
ZFM-04392,2022-07-20,b46fed22-974a-448b-854f-9ca7731a10c2,Region5G
ZFM-05248,2023-08-17,24415d91-8a3a-440b-beee-2d4388a4b908,Region4G
ZFM-05236,2022-11-25,d6c0a1b8-2c34-4cd4-976c-ab384254ec66,Region3G
ZFM-06275,2023-09-08,b1615789-6454-4fd5-8302-72f588ac7520,Region5G
ZFM-04392,2022-07-08,69ac6890-de0c-4036-b017-fa747e4fdcc8,Region6G
ZFM-06272,2023-08-18,90585e8c-c2a9-4249-a836-2e00f876ee4c,Region4G
ZFM-03061,2021-10-15,af95e228-7c1c-4dfb-b006-2ee5de75945a,Region6G
ZFM-03059,2021-10-04,a8108cf7-35c1-4a3a-b712-7b1cf4a8f75b,Region1G
ZFM-04392,2023-01-13,75cf3bf9-4217-46ce-8887-b6a2ec372d58,Region4G
ZFM-05235,2023-06-21,66d7a5cf-28f3-4360-9009-4680edb00cbb,Region4G
ZFM-03059,2021-10-12,b2f1186e-8c04-46c9-b4a7-e5e9785ff0ca,Region1G
ZFM-06268,2024-01-19,5405b85f-5e4f-4ca9-a771-990c5e9baf43,Region5G
ZFM-03450,2022-01-05,9f41ef3e-f0cd-4e9a-a1af-4c6fa3f85b8a,Region4G
ZFM-03450,2021-11-21,27c464a4-5cc3-41b5-b944-a93570658466,Region4G
ZFM-03062,2021-10-21,9bb84712-7236-413d-8899-1a1cba80ff73,Region4G
ZFM-06268,2023-09-05,f960ec93-0702-4091-b4f5-30c8d537308c,Region3G
ZFM-03450,2021-12-22,e3f37de4-b021-45b0-acd4-16b86c1ff563,Region7G
ZFM-03062,2021-10-22,d3f588fc-fe29-499f-b347-3be9bc24a60f,Region4G
ZFM-03450,2021-11-18,1b54177a-d6d2-41e5-867b-ee9a63f6d5a7,Region4G
ZFM-03062,2021-08-27,d2453284-c893-4a54-a5e7-f015854c727f,Region4G
ZFM-03059,2021-09-28,00dd4f06-6365-4f28-a961-b4085d7bbebc,Region1G
ZFM-06272,2023-09-05,3ee8d25d-6b93-47fb-afec-3417d2bd788a,Region5G
ZFM-04022,2022-07-08,a374d7dd-0d78-4a9d-b663-1791c47b2be0,Region6G
ZFM-04019,2023-03-22,b5e94727-4842-4e81-830a-2b48b60ecf0b,Region4G
ZFM-03061,2021-09-30,58754e26-f2b6-4633-b5ba-bbe0876c1fec,Region6G
ZFM-03065,2021-10-04,71074743-162f-4fa9-a899-9e624d226887,Region1G
ZFM-06305,2023-07-25,8b9f9da7-0310-4181-963f-d917db08549e,Region5G
ZFM-03062,2021-10-14,7b45b0f5-b116-4084-89c9-b53968ed8544,Region4G
ZFM-03450,2021-11-22,ab97cc43-df02-4195-a826-07c2561248d2,Region7G
ZFM-03059,2021-10-27,2c34d9fb-4556-4740-9a29-1e419544bb72,Region1G
ZFM-05236,2022-11-23,6e9883ff-c5c1-4594-a09f-f12cdca0e368,Region3G
ZFM-06272,2023-09-20,5b2357b4-ec9f-4143-b563-f85e6dbf2f5d,Region5G
ZFM-03061,2021-09-15,b1169c12-b9ab-4b7f-8731-32732dde116e,Region6G
ZFM-03448,2021-11-20,8fbdb816-4cb7-4cb6-a83d-a403c40c865b,Region4G
ZFM-05248,2023-08-18,61073b6e-842e-440e-bf59-b3197065bfa1,Region4G
ZFM-05235,2023-07-14,601228ff-a945-46c0-989f-0544d527ecc1,Region3G
ZFM-03061,2021-11-03,c8a880e2-4657-4945-9ec8-f2643cceeff9,Region6G
ZFM-06171,2023-10-06,daa2fce5-d76b-41ff-8e5a-660fffa17377,Region3G
ZFM-05245,2022-11-23,65450a0c-d955-443c-a651-377a6e485731,Region4G
ZFM-05235,2023-07-21,16f482a8-457e-467c-8528-18b7d2da62c1,Region4G
ZFM-06275,2023-08-18,f3f8b291-e43e-442c-a5ec-53083bf4de4f,Region4G
ZFM-04022,2022-03-25,9b64a5d8-e04c-4d7c-b6a5-cb16fe8e56bb,Region6G
ZFM-06275,2024-01-19,974a8a32-2156-4250-b9db-4298fc8daa65,Region3G
ZFM-05236,2022-11-24,4b1a9efb-a208-4bc4-a4aa-5ca6256db0fe,Region3G
ZFM-05236,2023-03-10,674d4571-fdcd-4371-8a96-a7b70903b501,Region3G
ZFM-04533,2022-07-28,ec3dff4e-7d64-48c1-90a7-a35aeeb33f88,Region6G
ZFM-03062,2021-09-28,1899aeec-2e05-4cae-bcb5-3b4c15c991cc,Region4G
ZFM-06272,2023-10-18,f039e269-52c4-451f-9486-0d452b9adc82,Region3G
ZFM-05236,2023-03-24,13319506-3b45-4e94-85c6-b1080dc7b10a,Region3G
ZFM-06272,2023-07-13,bbfe7d98-c200-4d7f-9d58-cc65b366d012,Region4G
ZFM-03059,2021-10-14,56e88910-7f1c-4d65-b720-85c9a770d6aa,Region1G
ZFM-06268,2023-09-18,67f99b3d-cad7-49fc-ae30-bfa854f1b522,Region3G
ZFM-06275,2023-10-06,f00f4182-58b3-4a66-a18b-e1b199de03c6,Region3G
ZFM-03062,2021-08-31,b7b186ee-1b36-4b1a-ae15-70078c472f97,Region4G
ZFM-04019,2022-04-06,cfa56986-11cf-4cff-8f2e-6b8eeda6cb44,Region5G
ZFM-03061,2021-09-06,b0e8c029-4bc5-4eb5-99b9-9896164efaea,Region6G
ZFM-03061,2021-09-03,ac37db31-64f3-4558-a255-3f5c49154b9b,Region4G
ZFM-06275,2023-07-13,82ea7603-9a8f-46de-83e4-bf748236a532,Region4G
ZFM-03059,2021-09-08,4edc1662-a165-48ef-a332-7172bfca71e7,Region1G
ZFM-05235,2023-07-07,3fbea691-8a43-4ae5-b2ff-d22ed34070d4,Region4G
ZFM-06272,2023-08-14,121f90b8-5f45-4652-83b1-ccb5948f211e,Region3G
ZFM-06272,2023-08-18,90585e8c-c2a9-4249-a836-2e00f876ee4c,Region5G
ZFM-03065,2021-09-10,32eaad6d-fd35-46e9-b7cb-22656d8e3375,Region1G
ZFM-05235,2022-11-29,b5b9d6ac-bc86-49c4-96a4-e03de7f98f88,Region3G
ZFM-05245,2022-12-28,8b964e4c-2105-4601-81d2-00c3262945fa,Region4G
ZFM-06171,2023-10-17,6247aa20-94a2-4d9e-b8c7-a8fd0743410e,Region6G
ZFM-05248,2023-02-10,7ffd404f-3ddd-46aa-99f0-e6db99cc5186,Region3G
ZFM-03447,2022-03-21,537a23f7-c243-4f38-9783-3bcb77b09212,Region5G
ZFM-03447,2022-03-25,99d32415-3e41-468c-a21e-17f30063eb31,Region6G
ZFM-06268,2023-10-06,3bed4725-bb1d-4ee4-bdff-0491449e7317,Region6G
ZFM-05235,2022-11-24,c779d086-cf45-4bfe-b1b7-04491ac9c3ef,Region3G
ZFM-03062,2021-10-19,2a0e87d4-7832-48a4-8cbc-690558a96773,Region4G
ZFM-05235,2023-02-10,ffe2da46-0c38-40f2-b285-200d95a745df,Region4G
ZFM-06272,2023-07-14,c3583d46-7d56-42fc-ac63-886b39c45eb6,Region4G
ZFM-04026,2022-07-14,5d4e5359-bb38-45ce-90d7-629141255e4f,Region5G
ZFM-03059,2021-10-25,f8f1854d-9056-4f42-80b4-1af6443d81cf,Region1G
ZFM-05245,2023-03-24,7450da43-665b-48d2-ac4d-29082d58ae0a,Region4G
ZFM-03059,2021-09-20,fb11c0f9-f93f-4803-9a67-371dfb56bdd8,Region1G
ZFM-03061,2021-10-27,9bd4a155-c529-4ad9-b719-36b866b30ee4,Region6G
ZFM-04533,2023-02-14,ec61ebd3-b37f-4e8b-a386-c2f5a15706b8,Region3G
ZFM-04022,2022-06-30,5d93d92e-ea91-44ff-b807-88b8e5338ded,Region6G
ZFM-06275,2023-08-16,6ab97659-457d-4dd3-9d4e-da2637490d34,Region5G
ZFM-03062,2021-08-30,c2b953bd-e24e-410a-be4e-b3dd6ef373b8,Region4G
ZFM-06272,2023-08-16,fce39ff5-4db1-4a1b-8cd6-265e5b1474ab,Region4G
ZFM-05245,2023-03-20,26b1e8e2-47c8-4925-9ae5-43929635294d,Region4G
ZFM-06268,2023-10-24,6d22ff85-8983-4ce8-843c-46f6bc2f521f,Region6G
ZFM-03062,2021-10-29,6714d921-e53c-42c9-8950-3a36a5cca2fd,Region4G
ZFM-03059,2022-04-01,f36ae1d4-20e0-47ee-b4bd-9649810d87e0,Region5G
ZFM-04019,2023-01-19,382c9380-a2f7-411f-949d-a6df6c00747f,Region3G
ZFM-06272,2024-01-19,67d81531-0679-496e-816f-410180645f65,Region6G
ZFM-05235,2023-03-23,cb25dead-c27b-40d7-b52e-d32cc6ddf1f6,Region4G
ZFM-04022,2022-07-29,3dffc578-3fa8-4d01-b0df-a61a5593be46,Region6G
ZFM-06271,2023-11-04,c9df7e11-22b5-4db2-9986-3af3f6af9165,Region6G
ZFM-06271,2023-08-28,bb9743ad-c0ed-43a7-9cb7-55eae804c987,Region3G
ZFM-03062,2021-10-13,3213b233-37c7-4208-b411-0147fd8e3935,Region4G
ZFM-05245,2023-03-06,2ac33f48-6efb-4544-be5c-5ec2c6bd023f,Region4G
ZFM-03448,2021-11-21,aad8c23e-a563-441e-94ad-c7fda38a699b,Region7G
ZFM-05235,2023-08-23,a196fce9-7eae-4c11-ae01-25a9aa59b593,Region3G
ZFM-05248,2023-03-24,d1f7fa83-21a1-4f31-90db-b519f7cffa0e,Region3G
ZFM-06275,2024-01-15,e8b7d6e0-8a6b-4f17-a2f2-ffbb886bc06a,Region6G
ZFM-04019,2023-01-11,76f443fb-a06d-4ffd-9725-23d5c0d40386,Region3G
ZFM-03061,2021-10-07,9a66082a-44d6-4bba-b747-c3151cdabcd3,Region6G
ZFM-05245,2023-07-12,4f9da1a0-5465-410b-83f4-e852cfe61107,Region3G
ZFM-06268,2023-08-18,d0192776-e890-4dc5-a24d-0312c66b239c,Region3G
ZFM-05235,2023-07-24,8a328917-6ce3-4a8e-8d97-a21456187702,Region3G
ZFM-04392,2023-02-09,f96226d3-926c-434f-89f8-8571154534b5,Region3G
ZFM-06275,2023-07-17,335bf327-e26a-41d1-9346-58a9fbf73548,Region4G
ZFM-06268,2023-08-22,742d9c7a-9d44-4b43-92ed-625bab25bd9d,Region3G
ZFM-05235,2023-06-27,770c1a1f-3b7b-43e1-934e-102a3b22faf9,Region3G
ZFM-05236,2023-06-21,8bfac9d7-fbfe-4175-b5df-58ff91b5acdd,Region4G
ZFM-05248,2023-03-17,a7366bb4-8e5d-44fc-97f8-af129659b9c6,Region3G
ZFM-03061,2021-09-23,d61e88c8-3197-4164-9797-59fc1440602a,Region4G
ZFM-06171,2023-10-24,e898dfa4-f21d-42d6-81d4-9bf4f3e577bf,Region3G
ZFM-06275,2023-08-15,e5559ea6-fef3-4e68-8b01-545e960b3f59,Region4G
ZFM-03065,2021-09-28,be987d37-5cd8-4e4f-8dc2-d8a452e84abb,Region1G
ZFM-03062,2021-09-21,c4fddc77-29f7-4884-a2db-b71baca7f6be,Region4G
ZFM-05235,2023-03-22,30d401e0-96f5-44c7-9cce-cf2de823cf78,Region4G
ZFM-06272,2024-01-24,69fe2bf9-e52b-4b5e-8a6d-3c3f95d25d0a,Region3G
ZFM-03065,2021-08-27,fe2a712b-014b-47e7-b2ac-f85d0571cf44,Region1G
ZFM-03065,2021-09-21,c3d7c3bb-31be-47b3-a5e2-ad8d1f0e8c99,Region1G
ZFM-06275,2024-01-17,eb104880-b863-4452-8c1f-44fa372fbe62,Region3G
ZFM-03061,2021-10-08,4e622a26-418d-4384-b354-64d453959365,Region4G
ZFM-03061,2021-10-07,9a66082a-44d6-4bba-b747-c3151cdabcd3,Region4G
ZFM-04022,2022-12-30,a1ccc8ed-9829-4af8-91fd-cc1c83b74b98,Region4G
ZFM-03062,2021-09-02,a4d68a06-ffc3-43f3-ae1d-f4d05124ed22,Region4G
ZFM-05245,2023-03-16,5743661d-a36d-4c4f-a2ef-51fbeee79b7c,Region4G
ZFM-03447,2022-01-04,1188cf92-e377-414b-a261-722f407e5c0d,Region1G
ZFM-04392,2022-06-30,0d47bd57-d11a-4471-bb89-b5eb3a2e2bec,Region5G
ZFM-04022,2022-04-05,6d9cbaba-9579-4eda-8ca0-0af6b3b3b206,Region6G
ZFM-05235,2023-07-06,5fb4cceb-744f-4505-8892-054ae3581c55,Region4G
ZFM-04533,2022-06-21,6bec1529-d0d8-4510-982a-ba971d52b52e,Region6G
ZFM-03448,2022-07-19,fc9d1f13-6138-4ffa-97cf-5dcddc4274f7,Region6G
ZFM-05248,2022-12-28,aa0abb58-dcef-45a9-8cd9-fbcb964c327e,Region4G
ZFM-06305,2023-08-16,238e79e5-40b2-407a-9013-c85ed24fcd5f,Region4G
ZFM-03059,2021-08-27,ba01bf35-8a0d-4ca3-a66e-b3a540b21128,Region1G
ZFM-03061,2021-10-04,efeb393d-112a-4ea1-8bef-a4040efc6553,Region4G
ZFM-03447,2022-01-05,609c1d6b-efcb-4027-8609-23c6f597ed5a,Region4G
ZFM-04022,2023-07-11,afef8af4-2812-49a9-be2a-85ef210a28e3,Region4G
ZFM-03061,2021-09-14,39f5f80b-ac56-460c-a10b-a92e00cfd5e4,Region4G
ZFM-03448,2022-03-24,c4f3df45-15c6-4a63-8463-011f6ead6786,Region6G
ZFM-03061,2021-10-20,db67e1db-7f5d-4095-b25c-f19a844f8b14,Region6G
ZFM-05236,2022-11-30,3b3f2d89-94ed-4ca0-b060-404af091bd53,Region3G
ZFM-06272,2023-07-17,a0cf75ac-84c1-41d5-9d4c-4bf2f1614e69,Region4G
ZFM-03061,2021-09-16,a2fd41dd-fdc4-4fd7-af82-d683efe815b5,Region6G
ZFM-06275,2024-01-11,8eac586e-7e81-4430-b3a4-7a1412adf39d,Region3G
ZFM-04022,2022-07-29,3dffc578-3fa8-4d01-b0df-a61a5593be46,Region5G
ZFM-06275,2023-07-14,7898a185-7a41-417d-a436-8248df0d7ef9,Region5G
ZFM-05248,2023-02-28,b5a05899-dd61-422b-b3ab-8d095c1324e1,Region4G
ZFM-04019,2023-03-28,4f99c144-76e2-4f60-90a2-289f952c8eb6,Region3G
ZFM-06305,2023-07-25,8b9f9da7-0310-4181-963f-d917db08549e,Region4G
ZFM-04022,2022-07-21,8f62399f-e198-47d7-9bec-1d6e475ffc46,Region6G
ZFM-06271,2023-08-25,75c4a165-4976-4239-8fa1-55be9662a0f3,Region5G
ZFM-03059,2021-10-09,f6d846da-6a63-4c5a-9d32-f572ef565e4f,Region1G
ZFM-06948,2024-01-18,c1b69b7c-4ef8-4ad4-871f-b6b30c7e8f63,Region5G
ZFM-06272,2023-10-16,9297ece6-3037-4527-93c4-014263ae382a,Region5G
ZFM-04022,2022-07-22,f930de5b-41d4-4bd7-9a54-8ae4f81b99f7,Region5G
ZFM-05248,2023-06-23,10f2979e-6468-4f48-af70-5b4e35cb9340,Region3G
ZFM-03448,2022-03-23,a20839e3-1756-4d16-9a7f-a2871651be4d,Region6G
ZFM-04019,2022-12-29,cb626478-5372-48c2-803f-0d1ac8255564,Region4G
ZFM-04022,2022-07-14,2130575d-5834-42c0-b4c9-c195cba80cb8,Region5G
ZFM-05236,2023-06-26,7498c624-f308-47f1-b44b-9354026816b9,Region4G
ZFM-06275,2024-01-16,0a64126d-a149-4d28-80d8-00a5ca60c681,Region3G
ZFM-04534,2022-11-24,e414d161-d742-4752-968b-983e240ac1c9,Region4G
ZFM-04019,2023-03-02,89b8ef70-e620-49c2-a0f7-09890ba9fc0e,Region3G
ZFM-06272,2023-09-08,6f224adf-e791-4255-b6ab-e4e1f059813a,Region5G
ZFM-06271,2023-10-18,832c133f-bca6-4a14-9777-dc298fbe7c23,Region6G
ZFM-04534,2022-12-30,51678022-d298-475a-a740-3e46a2159424,Region4G
ZFM-03062,2021-10-12,3bb2a363-6931-4cb8-bd1f-cf87161e834a,Region4G
ZFM-03450,2021-11-06,706049c7-8d9b-4e8f-8f0f-809ea910e1b0,Region1G
ZFM-03061,2021-09-24,8957b21f-3ed3-4536-98a0-0093851acb35,Region4G
ZFM-03448,2022-03-28,2c12c53e-c176-4428-ab4a-4600b105bfea,Region6G
ZFM-04019,2022-06-23,291e25f7-b35f-4d11-815f-1429127059d4,Region5G
ZFM-05248,2023-03-28,6ec2482d-7928-4f76-b11a-056f5409bf8a,Region4G
ZFM-04392,2022-07-29,7daf84bd-3ad7-47bd-b877-2843313713e5,Region6G
ZFM-06272,2023-10-18,f039e269-52c4-451f-9486-0d452b9adc82,Region5G
ZFM-05236,2023-03-13,96799584-c84c-4a7c-9bf9-9419f99ec896,Region3G
ZFM-05236,2023-01-12,7215d155-04c6-48f6-b7c2-7eedf21d0381,Region4G
ZFM-06268,2023-10-04,f0964bbf-8e61-4a36-9b9c-75fe5687f3fa,Region6G
ZFM-03450,2021-11-26,ad9dbfa4-ceaa-48c7-a4bd-40a7316aeedd,Region4G
ZFM-03059,2021-09-13,e9bdcf2b-d0db-42f8-8dfe-3bb82711ff68,Region1G
ZFM-04022,2022-03-28,0ac3c24a-e379-4a3a-bafb-bad6c91dd2af,Region6G
ZFM-04019,2022-03-24,4f3e65d5-a74b-4470-84ad-e1ef40f7b9ac,Region5G
ZFM-06268,2023-09-08,b3b89a59-c455-4ed8-8666-37988b3a2ea8,Region3G
ZFM-05245,2023-02-08,211d0096-754c-4cea-a345-d61ecb61a15e,Region4G
ZFM-06272,2023-07-13,bbfe7d98-c200-4d7f-9d58-cc65b366d012,Region5G
ZFM-05245,2023-07-06,be3208c9-43de-44dc-bdc6-ff8963464f98,Region4G
ZFM-03062,2021-10-05,a6fcb474-3ff3-4ce0-b96e-94fc365b4788,Region4G
ZFM-03059,2021-09-06,9557f20a-e1ef-44d5-9859-20d1c3854175,Region1G
ZFM-03059,2022-04-05,66d51ecb-b6a0-4293-84be-d4ccfb84ada8,Region5G
ZFM-05248,2023-03-02,221ef514-77a1-4d80-afd8-a94bd6bda632,Region4G
ZFM-06271,2023-07-12,a0b2d572-b3a1-4f13-be2a-ad9a8c95a428,Region3G
ZFM-03061,2021-09-07,58861dac-4b4c-4f82-83fb-33d98d67df3a,Region6G
ZFM-06272,2023-10-04,f12dfd3d-147a-4e3f-bbd0-5db521889ae5,Region3G
ZFM-03450,2022-04-01,7ff2e8c0-e4ee-44a0-823a-d1cd27a19581,Region6G
ZFM-03448,2022-07-18,ac7f2db2-8864-4cb8-b1bd-4ff6a6a6b6fb,Region6G
ZFM-05248,2022-11-23,6c6020e4-84d4-468c-823b-02a23a342da2,Region4G
ZFM-04019,2022-03-25,7d8ed0b8-63ea-4f1f-961c-5be0b1db46dd,Region5G
ZFM-06275,2023-08-17,3e38c877-e895-4374-ac41-73bf38864660,Region3G
ZFM-06272,2023-10-05,e1e48c2e-55f4-4390-a0b3-2ff6b85e736d,Region5G
ZFM-06275,2023-07-12,d59084b8-6b52-492c-bb5f-5a5ca38ab2ed,Region4G
ZFM-06268,2023-08-24,fd54fd05-3a96-43cd-9967-a7f8500a888b,Region3G
ZFM-06272,2023-08-15,a2306ee2-d845-4b73-abf0-cf1faf35be7d,Region4G
ZFM-04022,2022-04-01,36c701f5-ddfb-4aee-bcde-5a6007f58243,Region6G
ZFM-03061,2021-10-12,5ca239fe-e7aa-4a90-920c-bb54e6612ba4,Region4G
ZFM-05236,2023-04-04,4590ea45-e39a-45cd-925c-542d4a5eb97b,Region5G
ZFM-03061,2021-10-28,8dcdea72-afb1-4e3b-9e2e-0424a795adf2,Region6G
ZFM-06268,2023-07-13,02afad27-9f6a-4917-a178-5261268ab89e,Region3G
ZFM-06171,2023-07-12,f2796bdf-5d09-4743-897e-1761504b37b7,Region4G
ZFM-03061,2021-09-09,b056ded5-b123-47eb-a62a-620fd79b130d,Region6G
ZFM-03448,2022-03-25,d034a032-26ba-4b93-8ee8-c52e8b08db2b,Region5G
ZFM-05236,2023-03-03,1f585edf-0e43-46f4-9069-b4ed61c32c0f,Region3G
ZFM-03450,2021-11-10,b8ecc27a-f37b-4ee0-9081-1bf3afe9626d,Region4G
ZFM-06275,2023-08-17,3e38c877-e895-4374-ac41-73bf38864660,Region5G
ZFM-03059,2022-03-31,a2e65766-0f40-46dd-91cf-b56540cb033b,Region5G
ZFM-05245,2023-03-22,16aa7570-578f-4daa-8244-844716fb1320,Region4G
ZFM-05236,2023-03-16,0cfad1ba-d410-4e78-be5e-2a817bc9ca48,Region3G
ZFM-06271,2023-08-18,21c5fdbc-1964-484f-8925-c71891610041,Region3G
ZFM-03059,2021-09-14,f869242e-d1f9-4b7e-a83d-7c794ca6ebbe,Region1G
ZFM-03447,2022-04-01,a4646257-d6b7-450b-84f9-49ce09a07402,Region6G
ZFM-03062,2021-09-15,619cbbfc-299a-4cdf-92ab-e81c9ef6fbfe,Region4G
ZFM-06305,2023-07-24,cb7d4951-a7fc-46d1-9e78-6a43d5a576e4,Region4G
ZFM-03061,2021-10-29,49d39c6a-11cc-4fd3-99c5-c612849bfa3b,Region4G
ZFM-06275,2024-01-12,8743fc31-2886-4505-89c4-873338f09143,Region3G
ZFM-04019,2022-03-18,59dada8a-a1c2-4ab5-bc10-b1baefcaaeaa,Region5G
ZFM-04026,2022-03-24,ad4cd658-c311-41f2-9141-f9d1b559187f,Region5G
ZFM-04533,2022-08-02,5791db3b-4911-4c8f-ae5e-1d6cc2ff586e,Region6G
ZFM-05245,2023-07-05,490f4be9-de15-4251-aae4-2e059bbc03c9,Region4G
ZFM-06268,2023-08-17,fb0d1483-df42-4b85-b299-ca93574fc58c,Region4G
ZFM-06305,2023-10-05,4d98e49b-4dcc-436d-8bc5-e11549cdf05b,Region6G
ZFM-04019,2022-12-30,0f41a88d-6746-4754-b8da-2992dcfcb55d,Region4G
ZFM-04533,2022-09-21,2fe3147b-1532-4232-80ba-4015b692c588,Region3G
ZFM-06272,2023-10-05,e1e48c2e-55f4-4390-a0b3-2ff6b85e736d,Region3G
ZFM-03447,2021-11-06,8656db14-e23c-41a6-af0e-1d5918ac3727,Region1G
ZFM-03450,2021-11-26,ad9dbfa4-ceaa-48c7-a4bd-40a7316aeedd,Region7G
ZFM-04026,2022-03-22,507bdfd5-59be-4291-868b-919b00983f43,Region6G
ZFM-04019,2022-07-05,410de9ba-bc77-48c6-8586-cdf070c13ff8,Region5G
ZFM-04026,2022-07-29,24f07e1c-d027-4275-8ce5-c8a21800fcf6,Region5G
ZFM-06272,2024-01-24,69fe2bf9-e52b-4b5e-8a6d-3c3f95d25d0a,Region6G
ZFM-05235,2023-03-31,5862e6c2-cf5a-430b-bab3-9d9a48e2ab80,Region5G
ZFM-03059,2022-01-05,e69d63c9-a62e-48b2-9773-b137667e46e7,Region1G
ZFM-03448,2021-11-22,1fea5830-c4a1-4920-b4de-f2a06f86bbeb,Region4G
ZFM-06272,2023-08-14,121f90b8-5f45-4652-83b1-ccb5948f211e,Region4G
ZFM-05235,2023-06-26,ec6db5c7-23e9-4e0d-9feb-b8774e30a388,Region5G
ZFM-03061,2021-10-22,ec99a9cb-0920-482f-92dd-2d508e3db62b,Region4G
ZFM-03062,2021-10-25,a61e44a9-c38a-487a-b0e6-fc3905597356,Region4G
ZFM-06275,2023-07-25,2aea6071-0e98-49a2-9b2a-ddd872af28c0,Region4G
ZFM-06275,2024-01-18,bcc2419f-f50e-4a2a-9c67-fef434a7be0b,Region3G
ZFM-03061,2021-09-14,39f5f80b-ac56-460c-a10b-a92e00cfd5e4,Region6G
ZFM-03061,2021-09-28,0eb07488-aceb-4ae3-8959-f71770b0decb,Region4G
ZFM-03450,2022-01-04,5824caa6-73db-41fe-94b6-0cb211d5fda8,Region7G
ZFM-03062,2021-10-20,89cc1df7-b043-4f94-804d-35b5d004fce0,Region4G
ZFM-06275,2023-10-04,28826a8d-b70e-4b36-8458-bb4a3ffe20c8,Region5G
ZFM-06275,2023-09-05,c1887d38-9d0a-4760-a89a-a611e03dbd44,Region5G
ZFM-04022,2022-06-24,51db0443-8031-42ca-a6f5-1a96f3fb3275,Region6G
ZFM-04533,2022-06-22,32600700-5ccd-4207-8be6-60d5e14f1521,Region6G
ZFM-05248,2023-03-31,dc80e090-11c7-4660-bac4-809fd0642234,Region3G
ZFM-03061,2021-10-14,9aac585c-4d5c-42d1-acac-0d9ab0ff4a9a,Region4G
ZFM-06275,2024-01-09,3bbadaff-290e-4cd2-bc7a-0e1a07388136,Region3G
ZFM-05236,2022-12-24,31fa227f-8e67-4a81-b4d9-d83e3712802e,Region3G
ZFM-06272,2024-01-17,363edc30-abad-496b-96e3-3c81b3a106df,Region3G
ZFM-04533,2022-07-27,9e1ef756-123c-40a8-9fb1-32b1558cd98b,Region6G
ZFM-03059,2021-09-02,272c7a84-1f76-4305-a355-4e2149726a9d,Region1G
ZFM-03061,2021-10-26,d97aa626-72aa-4bb6-8a83-af8e2ce5fa8f,Region4G
ZFM-04392,2023-02-02,dd521bae-7ba0-43aa-a3cb-c1e2924ae18b,Region3G
ZFM-06271,2023-07-21,8a312611-e4b1-403e-a4d3-7ba4e4af61c5,Region3G
ZFM-04392,2023-02-03,e637617d-4ef5-403e-9f3d-14cac9599e02,Region3G
ZFM-06271,2023-11-29,0fd1e093-a9eb-404a-a592-de4c5cb18b64,Region6G
ZFM-05235,2023-08-28,e6fc6ca9-6e57-4c0b-b436-5c63faae843d,Region5G
ZFM-03448,2021-11-19,bf0bc61a-d0d4-4e30-9268-9f1c8de29952,Region1G
ZFM-06305,2023-08-25,5b54b2c2-22ce-4d25-a1cd-2e611367b34d,Region5G
ZFM-05236,2022-11-29,4ef02143-d166-4efc-acc0-c9094d45f0a9,Region3G
ZFM-06268,2023-08-16,12a47690-a4f9-419f-8ca3-d722542b9bb0,Region3G
ZFM-03448,2022-01-04,80b47579-d12f-48d5-86d4-6bac64932be4,Region4G
ZFM-05248,2023-03-23,5a86f96b-5a14-4735-ad4a-936efaa85dc4,Region3G
ZFM-05245,2023-07-04,274c4683-ef2a-471a-841f-af634446ec8d,Region5G
ZFM-05248,2023-07-21,56044f43-8550-4b36-ae5d-0a32e627c0fd,Region3G
ZFM-06275,2023-10-04,28826a8d-b70e-4b36-8458-bb4a3ffe20c8,Region3G
ZFM-04022,2022-06-27,384bf21a-eba2-43ff-b177-b6455e65882a,Region6G
ZFM-06305,2023-08-15,f652f72e-1f84-46e4-b417-dc3ff166b392,Region5G
ZFM-03448,2021-11-08,6353fc85-434d-4fa6-8154-7d376106e455,Region4G
ZFM-06948,2024-01-15,f931c7de-cd9a-42e6-a83f-368f77ac334c,Region5G
ZFM-05245,2023-02-07,4eca4ea5-4070-4199-a3e3-5d22173612d7,Region4G
ZFM-03062,2021-10-26,4b391d5d-238d-4f1c-afaf-68e04b8a012b,Region4G
ZFM-04019,2022-03-22,43a46dbc-884e-44b7-b6be-89c9bca3f45b,Region5G
ZFM-06268,2023-08-15,52370a2b-4895-4c90-ac2e-a392f20a9a97,Region3G
ZFM-03061,2021-09-10,e8180709-33f2-4f1f-87a8-af597c9c7260,Region4G
ZFM-05235,2023-04-05,7546cd5b-f351-4450-80dc-315780181c6d,Region5G
ZFM-03448,2021-12-22,2fda2952-9473-428d-9290-dc3d45e0a458,Region1G
ZFM-06305,2023-08-31,56ed83ac-c196-4817-bc37-62c02ba89d47,Region4G
ZFM-03059,2021-09-22,1311c222-8c0d-4a75-b786-5af429d2fa89,Region1G
ZFM-05235,2023-10-06,0c345c56-bc8d-46ac-b778-6d03589d814b,Region3G
ZFM-04019,2023-06-27,61e2e055-e7ba-4e10-85ac-50f2ce4e82c5,Region3G
ZFM-06171,2023-08-16,dbe48fe3-3962-4753-92b0-2366e2667e47,Region3G
ZFM-04019,2022-08-03,1c9d6859-0acd-4e41-9def-a9a08384c18f,Region6G
ZFM-03062,2021-10-28,2dffbfb5-3002-4539-b13a-dd4cd50149a0,Region4G
ZFM-03059,2021-09-23,b0dae33d-ce97-463d-b59d-f60243e03a18,Region1G
ZFM-03447,2021-11-18,fc004b9a-3e07-4778-96d0-71d15a5f101d,Region4G
ZFM-06171,2023-07-24,e0959e04-920a-4484-bef2-ade756454080,Region3G
ZFM-05248,2023-04-04,fe81ae58-44cb-4623-82d4-15a177b771cc,Region5G
ZFM-04019,2022-08-04,b711e28f-607a-4662-bd2e-975f1a645820,Region6G
ZFM-03059,2021-09-03,e04536b2-b161-478e-af3a-d04bc1ab33ee,Region1G
ZFM-04019,2022-06-24,87a8de43-8576-450c-be35-4fccaa4e1d14,Region5G
ZFM-04392,2022-06-28,075ebed2-3e1b-471e-bc78-97f979dd765e,Region5G
ZFM-03448,2021-11-26,9b77e235-e9c3-4a11-a8fb-f7d5b436f023,Region4G
ZFM-03448,2022-07-15,213654d5-3de9-4f8b-b751-cea42a038966,Region6G
ZFM-06271,2023-09-14,c897ae0b-2500-4366-afe4-9d9ee52e5268,Region3G
ZFM-04026,2022-07-15,cbe64a6f-c7d7-486f-940f-7d7494a09621,Region5G
ZFM-05245,2023-01-25,77a6741c-81cc-475f-9454-a9b997be02a4,Region3G
ZFM-05245,2023-07-07,8996a0d0-3b23-4d7e-92a4-8272b4bb5a9f,Region3G
ZFM-06171,2023-07-11,e36d532d-4aaa-4631-94d5-ea4d456525ad,Region4G
ZFM-03450,2021-11-20,bdfdec12-fa65-4cca-ab1f-c6f8c94ec204,Region4G
ZFM-06275,2024-01-24,0f4f1c75-5163-479a-b20d-5b77d5dbf9bc,Region3G
ZFM-04026,2022-07-07,0deade5f-dad7-4137-8934-ca266cf61da4,Region6G
ZFM-04019,2023-03-16,46fe69ff-d001-4608-a15e-d5e029c14fc3,Region3G
ZFM-03448,2022-03-29,7501cfc9-17f1-4940-a932-70ae2ed2c463,Region5G
ZFM-03448,2021-12-09,11587d64-3155-4511-96ce-cdd3360b3437,Region4G
ZFM-06271,2023-08-16,72c11658-a04e-47d3-aa62-9986be55e075,Region3G
ZFM-05248,2023-07-13,b59d74aa-334b-4e01-a1c9-3cac0ee46cae,Region3G
ZFM-04019,2022-07-27,04482c20-f984-4d90-97d6-6791bae1e6f7,Region5G
ZFM-05236,2023-04-07,86e88a0d-a637-4bf4-a215-ef6013277234,Region6G
ZFM-06268,2023-09-20,80b17bb1-03d9-4211-bc9c-ff7b1e862b44,Region3G
ZFM-05245,2023-02-02,03137436-d2f2-4b90-b661-2cfd74960a47,Region4G
ZFM-03059,2022-01-07,3fe8ad3b-2437-4b1f-b6d4-9706c206ab2d,Region4G
ZFM-06275,2023-07-17,335bf327-e26a-41d1-9346-58a9fbf73548,Region5G
ZFM-03061,2021-09-15,b1169c12-b9ab-4b7f-8731-32732dde116e,Region4G
ZFM-03059,2021-09-24,4300bfb5-3668-4deb-8387-fa0b75c09fd1,Region1G
ZFM-05235,2023-04-03,74f58a22-f0c6-4570-ad9f-3115e51f829a,Region5G
ZFM-06272,2024-01-16,987ef08d-529a-409b-b463-cd66d708894f,Region6G
ZFM-03065,2021-08-31,c5cdd496-7400-4c0f-b326-55016bce4fcf,Region1G
ZFM-05235,2022-11-23,d8bdd219-f470-44a7-a7d4-e89ddf904fe2,Region3G
ZFM-06268,2023-10-05,b99c4211-e37c-43d8-84ad-7208d10ba48f,Region6G
ZFM-05245,2023-03-31,a54d305f-2089-47ac-8e75-134db4fd3ed9,Region3G
ZFM-06271,2023-09-20,cfd821cc-0c1f-4f79-bb1d-632919a72574,Region3G
ZFM-03061,2021-09-17,eb87e5ba-ecbd-4659-87ae-0ec6269cdc5f,Region4G
ZFM-06948,2024-01-17,49a8a108-34b9-4611-b887-4465f0260df5,Region5G
ZFM-05248,2023-07-19,cd9d071e-c798-4900-891f-b65640ec22b1,Region4G
ZFM-06275,2023-07-25,2aea6071-0e98-49a2-9b2a-ddd872af28c0,Region3G
ZFM-04019,2023-03-24,82114940-6291-4e2c-8d3e-4f3b73c081de,Region3G
ZFM-03061,2021-09-30,58754e26-f2b6-4633-b5ba-bbe0876c1fec,Region4G
ZFM-03061,2021-10-19,9c06e82c-ca97-4cb6-9653-cc4dee3956a3,Region6G
ZFM-03450,2021-11-27,3e675f34-9b6f-47b4-9064-e9c9c5e17872,Region7G
ZFM-06275,2023-07-11,b3f33e6f-7e93-4a52-a49d-0f95bdd11e9a,Region4G
ZFM-04019,2022-07-15,26e1b376-61dd-4d64-b0ab-ac4e6b8b9385,Region5G
ZFM-03061,2021-09-22,8b934e5d-6853-46a7-aa13-7aaedc843313,Region4G
ZFM-05236,2023-01-25,ae6c1e4c-ae5a-41aa-948f-e5938491cc20,Region4G
ZFM-06305,2023-08-28,91c200e0-b8e3-4809-9a3c-f568bf644663,Region3G
ZFM-06275,2023-07-11,b3f33e6f-7e93-4a52-a49d-0f95bdd11e9a,Region5G
ZFM-04022,2022-07-26,bc7a39b5-0e99-41e0-ba01-03a1380e1237,Region6G
ZFM-03447,2022-04-01,a4646257-d6b7-450b-84f9-49ce09a07402,Region5G
ZFM-03061,2021-09-02,245e3c34-df59-49df-8644-19a41de2b5b1,Region6G
ZFM-06271,2023-09-13,7bb4a9ff-edaf-4caa-acdf-30e372aca5b4,Region3G
ZFM-03450,2021-11-08,b33dbb1d-d484-4893-8c23-b276da55aee4,Region6G
ZFM-03059,2021-09-17,b7811cca-e73d-452c-bed5-a918cbee7aa5,Region1G
ZFM-04026,2022-07-26,0ffc12d9-6d44-443d-8e6b-2c1339b654fb,Region5G
ZFM-03447,2021-11-20,d4a1fa36-00e8-4309-b070-d96fee4da6d8,Region7G
ZFM-03065,2021-09-17,cfde85f3-e385-46e8-9068-ec7c1d6387d7,Region1G
ZFM-06275,2023-09-18,47c02dcc-337b-4964-937f-39928c057fff,Region5G
ZFM-06948,2024-01-12,580d1208-d910-4fc9-8c28-8364c92dbd46,Region5G
ZFM-03061,2021-09-20,ba59b4de-cc3a-4983-b2d6-f7e809b478bb,Region6G
ZFM-05248,2023-04-05,d9e81a3a-920f-48bc-a7c0-19fe2345c30e,Region3G
ZFM-06268,2024-01-18,91fe7b53-5172-4df3-9985-3d002c5a23a4,Region5G
ZFM-03447,2021-12-09,d294a666-15b4-4573-8335-93cfa402749c,Region7G
ZFM-05245,2022-12-30,c50eb87e-93e6-4467-bba2-3b6dd9d7ff66,Region3G
ZFM-06275,2024-01-10,46dfe777-b0af-4aa6-b84e-cc030bb61e9f,Region6G
ZFM-05245,2023-03-02,82e249d6-fdd8-4cdc-927f-d0ff45063c85,Region4G
ZFM-06272,2023-07-11,f0f9a9f5-61b4-494a-b123-97eda031ca3e,Region4G
ZFM-04022,2023-01-12,67231166-8980-4146-ad6d-3d7bee327ccf,Region4G
ZFM-03061,2021-09-27,842d7f51-c0e1-4b0d-968e-7a0c25e06c5e,Region6G
ZFM-03061,2021-10-21,d7962d31-9e15-453c-8459-56926781234c,Region6G
ZFM-04534,2022-12-29,ab67b581-3c52-479a-b6ff-529112d2e052,Region3G
ZFM-06275,2023-09-08,b1615789-6454-4fd5-8302-72f588ac7520,Region4G
ZFM-05248,2023-06-26,df1d5d83-ad49-4779-9817-9099801cbaa4,Region3G
ZFM-06271,2023-08-24,be10878f-e771-43fe-b97a-0fa003b0feda,Region3G
ZFM-03059,2021-10-05,b387dd2b-61c4-4e2f-9572-389d40f93fc3,Region1G
ZFM-05248,2023-08-16,f416af34-121d-419c-8d27-4e95f8648012,Region3G
ZFM-03061,2021-10-04,efeb393d-112a-4ea1-8bef-a4040efc6553,Region6G
ZFM-05248,2023-07-03,b0c91134-9ee0-48c9-ab86-bef2f77bcf99,Region3G
ZFM-03450,2021-11-08,b33dbb1d-d484-4893-8c23-b276da55aee4,Region4G
ZFM-03061,2021-10-26,d97aa626-72aa-4bb6-8a83-af8e2ce5fa8f,Region6G
ZFM-06271,2023-09-28,59bf936a-9982-4dc4-aee7-9e30ae168894,Region3G
ZFM-03059,2021-10-08,7f3b9633-851a-47e5-b7f8-c92bbbb01cc5,Region1G
ZFM-05235,2022-12-29,cbbb91b1-6aea-4d13-ab21-266d219115ec,Region3G
ZFM-04022,2022-11-29,65f90bf6-5124-430a-ab73-134ac6fb374f,Region3G
ZFM-06275,2023-07-24,f7b15251-171d-4815-a09d-03e7df86238b,Region3G
ZFM-03062,2021-10-27,5551bebd-5777-480d-aa25-d46cf4d2292d,Region4G
ZFM-05235,2023-07-19,c36f9eb1-7512-4271-aa24-f57ed2c2641d,Region3G
ZFM-05248,2023-06-21,3cb024c2-b9da-4538-9b6a-0cfbaab3d118,Region3G
ZFM-03059,2021-09-10,68f894bf-2268-4773-aa8d-ac8ab168320e,Region1G
ZFM-06275,2023-09-18,47c02dcc-337b-4964-937f-39928c057fff,Region4G
ZFM-06271,2023-10-19,a9c3231c-f747-4a1b-80e0-bbcd5c6df16b,Region6G
ZFM-04022,2022-12-30,a1ccc8ed-9829-4af8-91fd-cc1c83b74b98,Region3G
ZFM-03059,2022-04-04,8cfa1e92-3e7f-409f-8347-01a36e98b27f,Region5G
ZFM-04019,2022-09-21,80bcab5a-20fd-4cc5-8a0e-e1e0149da372,Region3G
ZFM-03448,2022-03-21,ef348c98-ff68-4b73-ae00-1931abe26272,Region6G
ZFM-06275,2024-01-12,8743fc31-2886-4505-89c4-873338f09143,Region6G
ZFM-03062,2021-09-09,24f6c366-99b8-4206-94f1-35a2067ce384,Region4G
ZFM-04019,2023-01-10,9e8c2697-f5f7-42f6-b483-5b9af9c1652e,Region3G
ZFM-06271,2023-07-11,d4bec9fb-6f78-4608-861d-bf7e79c6088c,Region3G
ZFM-05236,2023-02-28,ccecb17b-a1f3-4b62-96c2-d6530981dc6f,Region4G
ZFM-06271,2023-12-05,8e1f265b-f4bc-4b84-b1f7-0b36d2e9cd90,Region6G
ZFM-03450,2021-11-19,0717df63-aa43-479b-aa59-202e10f30e3f,Region4G
ZFM-03061,2021-10-25,0969bacf-a7da-4d1b-9911-39cc47b424c9,Region4G
ZFM-03061,2021-09-16,a2fd41dd-fdc4-4fd7-af82-d683efe815b5,Region4G
ZFM-03062,2021-09-29,eda254d7-ff17-47fb-9641-bfd3afecb27f,Region4G
ZFM-06268,2023-08-31,7a7cadfa-338b-425d-9fbe-8817cb5584a5,Region3G
ZFM-06275,2024-01-17,eb104880-b863-4452-8c1f-44fa372fbe62,Region6G
ZFM-03061,2021-10-21,d7962d31-9e15-453c-8459-56926781234c,Region4G
ZFM-03448,2022-03-18,f6db4990-1a5e-470d-9a55-a494da38c9ff,Region6G
ZFM-05235,2023-07-11,846e7135-06cb-4f56-8482-93ee82030fb8,Region3G
ZFM-04026,2022-03-23,0d6bc8ad-f724-474c-a41b-1203e6fb816f,Region6G
ZFM-05245,2023-03-10,7d1671eb-6e78-4944-a0f8-8e45df765468,Region4G
ZFM-03061,2021-09-22,8b934e5d-6853-46a7-aa13-7aaedc843313,Region6G
ZFM-06275,2023-08-31,330e68e3-d15b-4513-9272-0c3b365e3c4c,Region4G
ZFM-05248,2022-11-25,cd80bc64-e2cf-402e-956a-edab95bcbbae,Region4G
ZFM-03450,2022-01-05,9f41ef3e-f0cd-4e9a-a1af-4c6fa3f85b8a,Region1G
ZFM-06271,2023-10-04,f74e4047-dc08-4f3e-aef3-76f7e2ac38f9,Region6G
ZFM-03450,2022-01-04,5824caa6-73db-41fe-94b6-0cb211d5fda8,Region1G
ZFM-06268,2023-10-17,638f8709-f0c4-458c-b615-578e00cb5787,Region6G
ZFM-05235,2022-11-25,0a8ad5c0-7490-4c99-b693-19110a65e18d,Region3G
ZFM-06275,2023-10-06,f00f4182-58b3-4a66-a18b-e1b199de03c6,Region5G
ZFM-06275,2024-01-16,0a64126d-a149-4d28-80d8-00a5ca60c681,Region6G
ZFM-03447,2022-03-28,c7ce2f64-2e74-4b39-9c32-bb72cba922c1,Region5G
ZFM-03062,2021-09-13,035fa1d0-cc18-49fc-860f-044d57e4de25,Region4G
ZFM-05235,2022-12-28,522a3c54-58bd-4b48-91c0-590db76a53c1,Region3G
ZFM-03061,2021-10-28,8dcdea72-afb1-4e3b-9e2e-0424a795adf2,Region4G
ZFM-04534,2022-08-04,804df770-60c0-451a-8ba6-097c4eaf6b5e,Region6G
ZFM-03061,2021-09-01,5a7a0c65-f296-45e6-8a30-64c2e90f5047,Region4G
ZFM-03450,2021-12-02,7b892482-f0a1-45c0-a52c-146c3ee8f450,Region4G
ZFM-05235,2022-12-24,9fd2f18e-381f-4a1f-badf-ac5d65e4036c,Region3G
ZFM-04026,2022-06-24,ee16e42d-6e5f-4613-b703-3b2766c2d00e,Region5G
ZFM-05235,2023-07-12,9e8c9727-01de-4384-a274-5f0881d806f0,Region4G
ZFM-03059,2021-10-26,3cafedfc-b78b-48ba-9bce-0402b71bbe90,Region1G
ZFM-05248,2022-11-07,b1c2122a-29a2-483a-aad3-0361d4d94d67,Region4G
ZFM-03448,2022-07-25,c62e967d-642d-4ada-b291-0f6ab38f8b49,Region5G
ZFM-05235,2022-11-07,b754b022-3d57-4ca5-91de-960fdf2ecd12,Region3G
ZFM-04022,2022-07-06,8668aced-ae6c-4ade-be11-33b93c3a3828,Region6G
ZFM-06171,2023-10-19,0d7b3dc5-73f5-47ab-a574-85f8635d7aee,Region3G
ZFM-04392,2022-07-25,2048d4be-7510-428a-93eb-c581306cfa6c,Region6G
ZFM-06271,2023-07-25,d7a52ed0-26c8-4143-bd41-9238c89f36d1,Region3G
ZFM-06275,2023-09-20,aa806292-e871-4ca1-b7c3-aebc786609ec,Region5G
ZFM-06271,2023-10-21,8ccaf6ee-a577-4055-b6f3-e3ed012175d4,Region3G
ZFM-04022,2022-06-28,dc6bbad4-418a-42b9-b61d-d0390765fb81,Region6G
ZFM-06271,2023-10-17,81ee5635-9512-41c4-abca-f426df58a290,Region3G
ZFM-06271,2023-10-16,77dc3d08-79a9-4e84-b9a7-e180c6d62cbc,Region3G
ZFM-04026,2022-03-21,28291060-39e1-4842-b794-bdb3dc40b851,Region6G
ZFM-06272,2023-11-04,61969717-b11a-4bbf-867c-519239ddf150,Region6G
ZFM-04026,2022-07-20,8af59882-3b50-4f1b-873c-46040587775b,Region6G
ZFM-03061,2021-09-07,58861dac-4b4c-4f82-83fb-33d98d67df3a,Region4G
ZFM-04533,2022-06-24,9208e3b9-2859-4149-9cf2-40604dba5b8b,Region6G
ZFM-06305,2023-07-24,cb7d4951-a7fc-46d1-9e78-6a43d5a576e4,Region5G
ZFM-04026,2022-06-23,c17222b4-e336-4145-b81d-b0bdc4f27392,Region5G
ZFM-05245,2022-11-30,0e5090dd-466b-45fa-aaba-34e40fe77d6e,Region4G
ZFM-06305,2023-08-24,c8089c50-4f66-4fec-907d-f846cc81b180,Region4G
ZFM-06272,2023-08-16,fce39ff5-4db1-4a1b-8cd6-265e5b1474ab,Region5G
ZFM-04392,2022-07-05,29ba7a76-41e6-44d8-ba92-479bbbdcd8a3,Region5G
ZFM-06268,2023-08-14,a42724f8-dcce-4995-bc18-5c4b6223795e,Region5G
ZFM-04019,2022-07-08,4f585aa9-ada0-4e2e-90d4-2542e5dbf782,Region5G
ZFM-05245,2023-03-28,d226644e-d10b-4142-9e5e-17aa91f378d6,Region3G
ZFM-04392,2023-02-01,87f301e0-3776-4094-9399-c98cc053f501,Region4G
ZFM-04019,2022-09-16,69544b1b-7788-4b41-8cad-2d56d5958526,Region3G
ZFM-04392,2022-07-13,aded7c18-0b2c-4ae7-8a42-c531f8392a78,Region5G
ZFM-03448,2021-11-06,9fa78eec-5b00-4050-b83c-059b89f7e46d,Region1G
ZFM-04533,2022-07-07,f6aa4217-3e2d-4e90-97ca-dcdb00640bcf,Region6G
ZFM-03059,2021-09-29,53cf11cf-030b-4f3d-b8cc-27c506c61e04,Region1G
ZFM-06275,2023-09-13,b003b35e-0896-47aa-832b-4da23dd4aa70,Region5G
ZFM-05248,2023-03-14,25d211b0-ea0a-4cbf-a280-ff57294b4e73,Region4G
ZFM-03062,2021-09-16,64cda8cf-5a4b-4da0-b9d1-5757c9ad0d7f,Region4G
ZFM-04534,2023-03-02,5425e864-71d4-46a6-89f8-25387e82e27b,Region4G
ZFM-04026,2022-04-05,7cb37c14-df86-4f0e-94b4-585a66cad97e,Region5G
ZFM-03448,2022-07-14,2c687f92-d996-4fd0-a029-b5688a442e7b,Region6G
ZFM-05235,2023-10-19,81ae2b88-c541-420b-a3af-4fb258c84f4b,Region3G
ZFM-03061,2021-09-02,245e3c34-df59-49df-8644-19a41de2b5b1,Region4G
ZFM-04019,2022-07-14,2252b3ed-f900-4509-bf77-37d47b56da7a,Region5G
ZFM-05245,2022-12-29,fa6c16e8-9340-4e43-a6e2-4188669975f1,Region4G
ZFM-03450,2021-11-06,706049c7-8d9b-4e8f-8f0f-809ea910e1b0,Region4G
ZFM-06268,2024-01-24,2fb7bff6-3e76-4b78-bc5c-a3dc697d419e,Region5G
ZFM-03059,2021-09-15,929662b6-4182-4ee7-8a50-ec788520c9e2,Region1G
ZFM-03059,2021-11-05,83d09945-8060-48e5-97a4-f86b3762591d,Region1G
ZFM-05245,2023-07-03,55d7f234-cc47-44a6-bb36-086c854eff00,Region3G
ZFM-06272,2023-07-21,9a0500ac-eada-463b-8481-125d470f9279,Region5G
ZFM-06275,2023-10-05,5d25672d-f9c2-4f05-ace1-7414e25e049e,Region3G
ZFM-05235,2023-10-21,20fb5a24-a1b0-4538-803c-cf13eaff2af6,Region6G
ZFM-03450,2021-11-19,0717df63-aa43-479b-aa59-202e10f30e3f,Region1G
ZFM-03062,2021-10-07,9f34c914-63dc-402f-9684-2776885d6f80,Region4G
ZFM-06271,2023-07-14,c4657551-607e-42c9-92e6-58968130e6ae,Region3G
ZFM-04026,2022-06-27,79d47202-be82-4965-ad3b-72e1d02d5a6a,Region5G
ZFM-04392,2023-01-12,1222465e-796f-4dd9-bc80-4c2db028568c,Region4G
ZFM-04392,2022-08-02,32358ab3-eed4-46f7-9f3c-fab5f3aa6029,Region5G
ZFM-03448,2022-07-22,ac67f0cb-ac9e-4945-86b9-f63a67362284,Region6G
ZFM-04026,2022-07-27,296c7e55-e338-43f2-b5bb-2ad6e0c52436,Region6G
ZFM-06268,2023-10-19,46ea3274-bb12-4f39-b6e8-f37954b0cc62,Region6G
ZFM-03450,2021-11-11,409ee2ac-11ca-41a7-93fa-b5ac44e049f8,Region1G
ZFM-05245,2023-01-12,db41396e-1e6a-46ca-abc5-969984e30fc0,Region3G
ZFM-06305,2023-08-15,f652f72e-1f84-46e4-b417-dc3ff166b392,Region4G
ZFM-05236,2022-11-07,dd7055c8-ed7f-4883-91d2-31d48653da06,Region3G
ZFM-03450,2021-11-11,409ee2ac-11ca-41a7-93fa-b5ac44e049f8,Region6G
ZFM-05235,2023-08-31,9d9c2211-3a55-4556-8bf8-b36d2f2deaf1,Region5G
ZFM-04022,2022-03-24,8144346d-e592-4a29-8981-9798ad620ea2,Region6G
ZFM-05245,2022-12-23,81fefda2-7ec3-4bec-87a9-29c9be28f9a5,Region4G
ZFM-03061,2021-10-12,5ca239fe-e7aa-4a90-920c-bb54e6612ba4,Region6G
ZFM-04533,2022-06-29,00359579-9b3b-45e5-a642-f6d0d7eb4805,Region6G
ZFM-05245,2023-02-09,839299f0-b765-4169-9be7-8969328d340a,Region4G
ZFM-06272,2024-01-18,fa497c30-4a3a-47db-a0bf-184207418499,Region3G
ZFM-05248,2023-06-27,3f4b9711-7cea-41f2-9fc5-ee095fcad5c0,Region3G
ZFM-05236,2023-03-06,72a5e765-efaf-49a5-831b-3cc35ec76517,Region3G
ZFM-04026,2022-03-25,ee26dbc4-ad5a-49a8-97f4-4225d0c487f7,Region5G
ZFM-03065,2021-10-05,4ea40125-7240-47e6-ac35-bb59dc8ad86f,Region1G
ZFM-05248,2023-03-16,1c09046e-48d8-47f3-9d07-2241e3f3a136,Region3G
ZFM-03447,2021-11-22,2c67c0b2-881d-4fa0-8a6e-ba91b3f65bd1,Region7G
ZFM-04019,2022-06-21,4f7ee34f-71d7-4054-88e6-ff1179762461,Region5G
ZFM-03062,2021-09-06,b1e38acd-f65f-4395-ae4f-8fee34ca40c9,Region4G
ZFM-04533,2022-12-29,4ac35324-a13c-4517-a61f-7183a2f6ff44,Region4G
ZFM-04534,2022-06-21,404d1b7e-f6f2-4122-bd2d-9caa6a0e7777,Region6G
ZFM-03448,2022-01-05,a66fee66-c95f-44e3-90bc-ebf383708e83,Region1G
ZFM-03450,2021-11-20,bdfdec12-fa65-4cca-ab1f-c6f8c94ec204,Region7G
ZFM-03065,2021-09-13,72e564aa-8416-48fb-a2b9-f9d23e6c7e4b,Region1G
ZFM-04026,2022-07-13,84e93650-3efb-43cf-bf48-25d5009a21c4,Region6G
ZFM-05236,2023-06-27,57c0be0d-5010-4257-bab5-dbf7eca081f3,Region4G
ZFM-06275,2023-09-13,b003b35e-0896-47aa-832b-4da23dd4aa70,Region4G
ZFM-05236,2022-12-23,1590fbc8-8f3a-4cfe-b129-f70300941eaa,Region3G
ZFM-06271,2023-12-28,b6bb7a40-d838-47e8-986d-2e5a9a2fa77a,Region3G
ZFM-06305,2023-08-17,c92ca0dc-6922-4c32-8bec-52f93e17bfb0,Region3G
ZFM-03061,2021-09-09,b056ded5-b123-47eb-a62a-620fd79b130d,Region4G
ZFM-05236,2023-03-23,7a3fa5ee-b1af-4670-8af1-15504aaba538,Region4G
ZFM-05245,2023-04-04,5ca99111-68bd-40cf-a582-7956a9057b0d,Region3G
ZFM-04392,2022-06-21,6e6b5f30-4032-4957-9381-1715108736c8,Region5G
ZFM-04392,2022-07-07,2f077b13-0f3a-411c-abdf-d29d6e985699,Region5G
ZFM-05236,2023-07-03,e69221c7-b533-42dc-8631-000279a45a70,Region4G
ZFM-03059,2021-09-27,1cff6fce-eefa-43f0-bea7-d0c8bbc1152a,Region1G
ZFM-03061,2021-09-20,ba59b4de-cc3a-4983-b2d6-f7e809b478bb,Region4G
ZFM-06272,2023-09-05,3ee8d25d-6b93-47fb-afec-3417d2bd788a,Region4G
ZFM-04534,2022-12-28,f0115609-af4a-4242-8faf-f4c5bfeb512e,Region3G
ZFM-03447,2022-01-06,9d696886-6c84-441e-9150-54d860dc102c,Region4G
ZFM-06271,2023-09-15,212839a1-414c-42de-9571-e3183e8d9368,Region3G
ZFM-05248,2022-11-24,f8ac8eed-991a-44f5-95c9-802e4cf6c92b,Region4G
ZFM-06305,2023-08-28,91c200e0-b8e3-4809-9a3c-f568bf644663,Region4G
ZFM-03065,2021-09-16,8d9a50bf-8ec7-41f6-a435-de88a6176b06,Region1G
ZFM-05248,2023-03-22,87aa70c9-02d8-4f22-8e8a-bafff6597c9b,Region3G
ZFM-05235,2022-11-30,a6f5bdab-9cdb-439f-9d94-7e0f83439b33,Region3G
ZFM-04392,2023-02-07,b8eac593-7661-4b9d-945f-6bf19e5197ba,Region3G
ZFM-03061,2021-10-08,4e622a26-418d-4384-b354-64d453959365,Region6G
ZFM-06268,2023-08-25,0cb7f17e-db80-4e16-802e-a07e1c0ac697,Region5G
ZFM-06271,2023-09-08,d5da19e8-a98b-4955-bba2-6b8482cba499,Region3G
ZFM-03059,2021-10-22,075a551f-ae82-4b9a-b659-fe94b638b7aa,Region1G
ZFM-04019,2022-07-20,aa211f0c-94df-4f8a-9775-b8fcec3f5138,Region5G
ZFM-04019,2022-07-07,272372d1-526f-4291-b18c-49d0d4140dbb,Region5G
ZFM-06268,2023-09-15,4687d165-e3a7-4489-b5c8-6fcd33cd5b45,Region3G
ZFM-03450,2021-11-27,3e675f34-9b6f-47b4-9064-e9c9c5e17872,Region4G
ZFM-04022,2022-07-06,8668aced-ae6c-4ade-be11-33b93c3a3828,Region5G
ZFM-04022,2022-07-07,bb34f7f9-5c10-46a4-b863-b5d1767c9b61,Region5G
ZFM-04022,2022-07-15,9c37c6e0-9bf0-4bde-b79a-4d6e95886350,Region6G
ZFM-03450,2022-04-08,4e204864-ce6c-42af-a422-26ce09f9ce3f,Region6G
ZFM-03061,2021-10-01,ff7faea1-4b90-401d-9f16-2838b20db1a0,Region6G
ZFM-04392,2022-06-22,311ba5e2-c81b-4432-962d-a706d2cc2020,Region5G
ZFM-03059,2021-10-01,5aae8e75-9750-454e-95af-ebead163606c,Region1G
ZFM-06268,2023-11-30,f3110994-6cdb-460c-96c4-24846b90d50c,Region6G
ZFM-03065,2021-09-06,df775d7e-3890-4aa3-b7ef-0c6fe6f9abf8,Region1G
ZFM-06268,2023-12-27,55515199-3e80-496d-a338-0c06b2abc780,Region6G
ZFM-05235,2023-08-24,933765b5-1f4e-4877-b889-7cc87f6ddb64,Region3G
ZFM-04019,2022-07-26,9114002e-9a3e-429f-94b9-28ed5d1a5c74,Region5G
ZFM-05236,2023-03-22,336ea054-9380-41dd-a897-64cfcfebde65,Region3G
ZFM-03059,2022-01-05,e69d63c9-a62e-48b2-9773-b137667e46e7,Region7G
ZFM-03447,2022-03-23,c092175c-789d-4d01-8e8a-33927953fad7,Region5G
ZFM-06305,2023-08-24,c8089c50-4f66-4fec-907d-f846cc81b180,Region5G
ZFM-04392,2022-07-06,58b53cc4-b7e2-4f56-99ae-e38dbc1915ee,Region5G
ZFM-04019,2022-07-28,f69347b3-5b5b-4032-b5ea-a4667be6b17b,Region5G
ZFM-06272,2023-07-21,9a0500ac-eada-463b-8481-125d470f9279,Region4G
ZFM-04392,2022-07-19,f8b7c1d7-afbb-41a7-a62a-1eb27d40838f,Region6G
ZFM-06275,2023-09-05,c1887d38-9d0a-4760-a89a-a611e03dbd44,Region4G
ZFM-03059,2022-03-18,10e13954-53dd-4a07-86bd-9bff46459efc,Region5G
ZFM-04022,2022-11-29,65f90bf6-5124-430a-ab73-134ac6fb374f,Region4G
ZFM-06171,2023-08-17,39fc8421-a6e4-4bb0-b987-e50d52ff4061,Region4G
ZFM-03061,2021-10-14,9aac585c-4d5c-42d1-acac-0d9ab0ff4a9a,Region6G
ZFM-04022,2022-06-24,51db0443-8031-42ca-a6f5-1a96f3fb3275,Region5G
ZFM-04019,2023-01-12,e316594f-bcdb-42ba-b8e8-68d80a456a34,Region3G
ZFM-05236,2023-04-06,5e847644-4e5b-4074-bb48-8218c0fa76fd,Region5G
ZFM-03061,2021-09-28,0eb07488-aceb-4ae3-8959-f71770b0decb,Region6G
ZFM-06275,2024-01-24,0f4f1c75-5163-479a-b20d-5b77d5dbf9bc,Region6G
ZFM-03447,2021-11-10,f6271673-7bee-4d47-b5bf-cb2c5f3ca869,Region4G
ZFM-05245,2023-03-15,512c88d3-1efa-4dfe-a73b-fa9117db5454,Region4G
ZFM-05245,2023-03-14,0e94299d-0964-4c4b-be26-8100bc7e3d68,Region4G
ZFM-04026,2022-03-28,95a7c668-77d5-4e40-8cf8-cbb67e8b3e5c,Region5G
ZFM-03448,2022-07-20,1a17fceb-4852-41e9-9c84-9c0531dc6fb4,Region6G
ZFM-03059,2021-10-21,94e1f61f-57e2-4792-a901-d0baa7096b87,Region1G
ZFM-04019,2022-07-29,4649407f-6f77-4edc-977b-a3a017f08f22,Region5G
ZFM-05235,2023-03-10,3063f519-ed42-4d75-a925-6a6754f3b050,Region4G
ZFM-05236,2023-03-29,1abdd971-e182-44af-a053-257c373dd556,Region5G
ZFM-06272,2023-09-20,5b2357b4-ec9f-4143-b563-f85e6dbf2f5d,Region4G
ZFM-05235,2023-02-09,a5508783-bd0b-48a1-a325-5889933a61c4,Region4G
ZFM-04533,2023-02-10,3b638d72-3d2a-4f06-aeb9-0c7cb36adaa5,Region4G
ZFM-06272,2023-10-04,f12dfd3d-147a-4e3f-bbd0-5db521889ae5,Region4G
ZFM-04533,2022-07-26,9f2406f1-2f03-4f39-b134-bba8b2f436f8,Region6G
ZFM-04392,2022-07-22,927a971d-f814-4818-b68e-6934077f1ab6,Region5G
ZFM-03059,2021-10-20,5c5a5525-cde9-41bc-95b9-90a3a0c7bce3,Region1G
ZFM-03061,2021-10-27,9bd4a155-c529-4ad9-b719-36b866b30ee4,Region4G
ZFM-04533,2023-01-25,71dd1936-ea31-4aa4-9708-d510a8705aac,Region3G
ZFM-05235,2023-07-20,7c961885-9c46-4fc3-b76e-f3c0b24b5aa9,Region4G
ZFM-05245,2022-11-25,47cd4e6f-1b25-43b0-aafd-c8e569856714,Region4G
ZFM-05248,2023-03-21,9f6567f4-ae65-4df6-8844-d7ee913354a0,Region3G
ZFM-04019,2022-04-01,d8f4b6a3-6ce3-49bd-8075-4a3d0ce737fc,Region5G
ZFM-05236,2023-02-09,c42d324e-cb29-4dc7-a9e3-897c86189e96,Region4G
ZFM-03065,2021-08-30,f2a6559d-1e45-4e83-8f65-1295ef50ed4b,Region1G
ZFM-04026,2022-06-28,230a9de6-54dd-46b3-a5c6-0b4cb1e4e841,Region5G
ZFM-03059,2021-10-29,086d3b97-a2b9-4df9-a29f-9eee1ea4fb51,Region1G
ZFM-04019,2022-03-28,4475c850-42b2-4a13-9e06-3ec5eda13e70,Region5G
ZFM-05248,2023-03-07,77fcafb4-08db-488e-8446-a8ed26a5bb3c,Region3G
ZFM-06268,2023-10-16,92c2df9c-4f5a-4f2f-904a-d180ff613310,Region6G
ZFM-03447,2022-03-24,db14d055-31c5-4a7e-a09a-3ab89aafa473,Region5G
ZFM-04026,2022-07-08,de9c676c-04b2-40ba-8bf8-75946f45d165,Region5G
ZFM-04022,2022-06-29,56e5d6d4-d5ac-445e-8672-443104e7535f,Region6G
ZFM-04392,2022-07-26,5b32bfcb-5736-4b14-911b-fb68809e8dd5,Region6G
ZFM-03062,2021-10-01,8718a6b4-64a2-45a0-b3ae-40c197c7a3bf,Region4G
ZFM-06305,2023-08-31,56ed83ac-c196-4817-bc37-62c02ba89d47,Region3G
ZFM-03061,2021-09-29,85914000-ae15-4886-9acb-3cec15c4c052,Region4G
ZFM-06305,2023-08-23,a2f74a7f-1b6f-451f-aeda-4f8d3e7c8113,Region5G
ZFM-06272,2023-07-11,f0f9a9f5-61b4-494a-b123-97eda031ca3e,Region3G
ZFM-04533,2022-12-30,1b3db3e1-9777-4ad5-80e9-703c87550ad2,Region3G
ZFM-05235,2023-03-24,e21eb0cd-3401-4765-9d12-9ae6e63468f3,Region4G
ZFM-04026,2022-03-18,7fabcc8d-09d6-4981-b447-6f7918af9e5e,Region6G
ZFM-04022,2023-01-10,537a8269-3cdb-4738-9b0f-1134cd4e3d0d,Region4G
ZFM-04533,2022-12-12,5f55f76c-8be1-4443-aac1-403969ad3b38,Region4G
ZFM-05236,2023-07-05,5b7c1f53-0c33-4ac3-8838-2926f46abf13,Region3G
ZFM-03448,2022-01-07,71be340e-14fa-4cc1-9abb-388de75b6488,Region1G
ZFM-03065,2021-09-02,92bf91b5-75db-4e95-8623-fd32c615558f,Region1G
ZFM-04534,2023-01-25,ee28a83f-5a2b-47e3-acbe-f6a70b53d6a7,Region4G
ZFM-03062,2021-10-04,61a76e83-0b01-4b4a-a2eb-89cd1d2ffa0f,Region4G
ZFM-04533,2022-08-04,f9743f82-6829-49cf-827d-76433a09d67e,Region5G
ZFM-03061,2021-09-03,ac37db31-64f3-4558-a255-3f5c49154b9b,Region6G
ZFM-03061,2021-10-15,af95e228-7c1c-4dfb-b006-2ee5de75945a,Region4G
ZFM-05235,2023-03-07,d8aee2ec-9d50-4c8d-bafb-e4601c231b75,Region4G
ZFM-05236,2023-04-05,85764273-c611-491f-b4f5-de127dde1cf1,Region3G
ZFM-03065,2021-09-09,38c3ebde-c45d-442e-ac61-f42161cfc984,Region1G
ZFM-03061,2021-10-13,4df96f43-0f30-41dd-a166-b556da3db050,Region4G
ZFM-06275,2023-07-13,82ea7603-9a8f-46de-83e4-bf748236a532,Region5G
ZFM-06272,2023-10-05,e1e48c2e-55f4-4390-a0b3-2ff6b85e736d,Region4G
ZFM-03061,2021-10-11,a0ceb181-addd-44a2-b0d3-7e5dc1789d54,Region4G
ZFM-04026,2022-07-05,99a68192-3997-4291-92ae-f2353ccac951,Region5G
ZFM-03059,2022-04-01,f36ae1d4-20e0-47ee-b4bd-9649810d87e0,Region6G
ZFM-06271,2023-08-31,17fe03c2-1d28-48ae-8301-1089742b8176,Region5G
ZFM-06272,2023-07-12,3966a4e3-233a-4915-abcb-0fec2466d04c,Region4G
ZFM-03448,2021-11-21,aad8c23e-a563-441e-94ad-c7fda38a699b,Region4G
ZFM-04533,2022-07-05,3010638a-1087-4388-a16e-c7e900e19cf7,Region6G
ZFM-03065,2021-09-08,26d6c415-23b0-4c49-b73e-b6cf2693df4d,Region1G
ZFM-04392,2022-07-28,c8406da0-92d7-453d-b137-cd114f52fb16,Region6G
ZFM-03065,2021-09-30,e963b780-2d49-481b-9494-6af04ebce5eb,Region1G
ZFM-06271,2023-08-15,eba018ce-ff43-439f-9584-e5353d7d1f52,Region3G
ZFM-03448,2021-12-10,7c70fe57-183d-4a31-8f14-779fd0bddcf9,Region4G
ZFM-04019,2023-04-03,b0d53975-2e58-480f-8703-3a2a05a2bd24,Region3G
ZFM-06271,2023-08-29,4ace088c-33d3-4b8f-b49b-ec3ef64f3273,Region5G
ZFM-04019,2022-04-05,3e7f5bf2-8e34-4cae-908d-7edb0ad0aa8a,Region5G
ZFM-03059,2021-10-11,8e90ac76-47c7-441b-b370-204a8002abd8,Region1G
ZFM-03061,2021-09-17,eb87e5ba-ecbd-4659-87ae-0ec6269cdc5f,Region6G
ZFM-03065,2021-10-11,f9f5b2f5-0666-4e16-8121-0e523f4000a4,Region1G
ZFM-06275,2023-07-14,7898a185-7a41-417d-a436-8248df0d7ef9,Region4G
ZFM-04392,2023-01-26,0dc40f70-791a-45e8-9e83-b692b776ebcf,Region3G
ZFM-04019,2022-07-19,f24c2389-1716-4827-a14c-3a11dee6a754,Region5G
ZFM-04022,2022-07-18,173b48e4-8201-44f5-8c36-7886afcd82e2,Region6G
ZFM-04534,2023-01-13,759012f4-b280-49c4-b79d-f5419534ec16,Region3G
ZFM-05245,2022-12-24,eea8eab8-d744-4418-83f4-697996ee040c,Region4G
ZFM-06271,2024-01-17,ef2181fe-7223-4db3-88dd-22bb7e26c52b,Region5G
ZFM-06275,2023-10-18,5ea8acd2-e366-49c6-8777-852a2c83f66f,Region3G
ZFM-04534,2022-11-30,5ab4b741-6083-41b9-8ad3-5d052fc723d2,Region3G
ZFM-04533,2022-12-24,eafc9110-276d-4a55-8f23-5e21de257344,Region4G
ZFM-03447,2021-11-11,350e9ddf-a0f7-4ff8-b1d9-00f1ee8640d9,Region4G
ZFM-06268,2023-10-18,552c22b4-a7c5-4b52-ad12-fd3420c1cee2,Region6G
ZFM-03065,2021-09-15,4aaa7935-f74d-4797-a26d-598448328795,Region1G
ZFM-03062,2021-10-15,165551a2-11f6-445c-b16f-db6faa319bb6,Region4G
ZFM-04534,2022-06-21,404d1b7e-f6f2-4122-bd2d-9caa6a0e7777,Region5G
ZFM-05236,2023-03-01,ddd1a68d-5235-45b7-9756-bc84f187327b,Region4G
ZFM-06275,2024-01-18,bcc2419f-f50e-4a2a-9c67-fef434a7be0b,Region6G
ZFM-06275,2023-07-12,d59084b8-6b52-492c-bb5f-5a5ca38ab2ed,Region5G
ZFM-06272,2024-01-17,363edc30-abad-496b-96e3-3c81b3a106df,Region6G
ZFM-03447,2021-12-02,fa8b1e10-ae9f-49c8-922f-c9f0743c9cf7,Region7G
ZFM-04022,2022-07-28,45335143-4cdb-4f55-bda3-3d2046b6b7e7,Region6G
ZFM-03065,2021-09-14,a44f72af-755f-4d58-b9bb-c5b345bcd788,Region1G
ZFM-03450,2021-11-18,1b54177a-d6d2-41e5-867b-ee9a63f6d5a7,Region1G
ZFM-04026,2022-07-28,990aff49-5e4b-4b75-a597-3b4dd3b29720,Region5G
ZFM-06272,2023-11-04,61969717-b11a-4bbf-867c-519239ddf150,Region5G
ZFM-06271,2023-08-23,565d5eb0-3d6f-4452-aeeb-a7b18632a39d,Region3G
ZFM-04026,2022-07-25,78bbffca-cd76-4f00-9c73-9dc2a528ac62,Region5G
ZFM-04022,2022-06-21,324879a7-f689-40a9-9af9-fe9bf1b0243e,Region6G
ZFM-03061,2021-09-06,b0e8c029-4bc5-4eb5-99b9-9896164efaea,Region4G
ZFM-06305,2023-07-19,a6298862-d6ab-4c5f-9d5b-e88eee7d9569,Region3G
ZFM-03448,2022-01-03,9885a174-af09-411c-a2ec-04dd727dcdd2,Region1G
ZFM-03447,2022-03-22,5215b352-02fc-4af3-80e5-ce5b2e8888db,Region1G
ZFM-06272,2023-09-13,80a763f5-54a1-4dfb-b2a3-6773adc88959,Region4G
ZFM-05245,2022-11-24,33a0110b-e4f4-46db-85cf-fd4838426da6,Region4G
ZFM-04533,2022-11-24,315c9f43-b40b-4cdd-ba31-a05ebf0c4352,Region4G
ZFM-06271,2023-07-17,96b09f01-ca84-4704-8123-6055d642c80e,Region3G
ZFM-05248,2023-03-29,f3e67065-7cef-46a1-b6e2-bcedccdfcee1,Region3G
ZFM-06272,2023-07-14,c3583d46-7d56-42fc-ac63-886b39c45eb6,Region5G
ZFM-03059,2021-10-07,46f4232d-eaed-4e99-9302-4a216c07fd29,Region1G
ZFM-05235,2022-12-30,ab725a59-2e6a-4fb3-b5ca-d13272a61143,Region4G
ZFM-03059,2021-09-30,b357d763-464e-473e-a114-a1a0a6d4d610,Region1G
ZFM-03061,2021-10-05,5a1bc69f-4f66-4772-a2a4-285490915f42,Region6G
ZFM-06268,2023-10-21,7c755f94-e46f-4a4a-b27c-0985f234cda2,Region3G
ZFM-03062,2021-10-11,eabbc0e9-2c4d-4c44-a557-58c4277f6c66,Region4G
ZFM-06275,2023-10-21,78232d19-7ec2-4817-9b1d-3abc53aa85f9,Region5G
ZFM-03450,2021-12-02,7b892482-f0a1-45c0-a52c-146c3ee8f450,Region1G
ZFM-03059,2021-09-01,fd22820d-a2c2-4c06-b90e-f399344e1c0a,Region1G
ZFM-06305,2023-08-18,93d7e597-05bb-4d8f-93fc-58da4c5abda7,Region4G
ZFM-06305,2023-08-16,238e79e5-40b2-407a-9013-c85ed24fcd5f,Region5G
ZFM-03059,2022-03-31,a2e65766-0f40-46dd-91cf-b56540cb033b,Region6G
ZFM-05236,2023-03-02,dcbd69d4-af03-49ce-a528-045e5ced7289,Region3G
ZFM-06171,2023-08-15,71d65658-a483-4dba-ae00-c4b037521ee3,Region3G
ZFM-03061,2021-10-05,5a1bc69f-4f66-4772-a2a4-285490915f42,Region4G
ZFM-05245,2022-11-28,cd1f41a1-0cc9-40b3-a386-807efc21e1f7,Region4G
ZFM-06275,2023-08-31,330e68e3-d15b-4513-9272-0c3b365e3c4c,Region5G
ZFM-06275,2024-01-15,e8b7d6e0-8a6b-4f17-a2f2-ffbb886bc06a,Region3G
ZFM-05235,2023-06-23,6b9f04a1-d699-44b6-9b95-5bfc340fa52b,Region4G
ZFM-05235,2023-10-24,96e8c6c1-5a60-4f62-aa8d-cf655cd2f4fa,Region3G
ZFM-04019,2022-07-25,68270221-4c79-489c-8d5e-ed859970954c,Region6G
ZFM-03448,2021-11-24,fd0d6ee3-59ca-4312-a93c-bc3111c3092b,Region4G
ZFM-06275,2023-08-18,f3f8b291-e43e-442c-a5ec-53083bf4de4f,Region5G
ZFM-04019,2022-09-15,ebb0a831-5c1d-453b-8d0b-923c0eae9929,Region3G
ZFM-06272,2023-09-14,e8685096-7c74-4734-bb74-f042c745d0ae,Region5G
ZFM-03059,2022-01-04,bff3ba86-e4be-4b6b-a0ed-056263859c00,Region1G
ZFM-04392,2023-01-31,13db60fb-0fb9-47d2-9b39-b26530120e3f,Region3G
ZFM-03447,2021-11-26,adc9515f-00f8-4537-bf83-5ae92b18c25f,Region7G
ZFM-06275,2024-01-10,46dfe777-b0af-4aa6-b84e-cc030bb61e9f,Region3G
ZFM-04533,2022-07-08,13959173-e911-40d7-a518-1b3031d66a74,Region6G
ZFM-06275,2023-10-21,78232d19-7ec2-4817-9b1d-3abc53aa85f9,Region6G
ZFM-05248,2023-07-25,9c86d1db-cb3f-4bfe-bdd4-450c25b1b779,Region3G
ZFM-03062,2021-09-30,b3408c7b-7ea9-46af-bcaf-a42e5c13cfa5,Region1G
ZFM-03062,2021-09-22,9ab0b667-ca50-4cac-a262-d6a5d33d338f,Region4G
ZFM-03447,2022-01-07,aec11c59-abe3-4b95-a8d8-0a1bc9a5a0bb,Region4G
ZFM-03059,2021-10-28,f3da93ab-d90b-45b2-b818-2cea6df53983,Region1G
ZFM-06305,2023-08-29,b98f1024-abeb-4b5d-99ae-3fb0cd9068d1,Region3G
ZFM-03450,2021-11-22,ab97cc43-df02-4195-a826-07c2561248d2,Region4G
ZFM-03061,2021-10-11,a0ceb181-addd-44a2-b0d3-7e5dc1789d54,Region6G
ZFM-03061,2021-09-13,54629413-fda5-4bbc-b88f-e8a30ccf9ba3,Region4G
ZFM-06272,2024-01-16,987ef08d-529a-409b-b463-cd66d708894f,Region3G
ZFM-06305,2023-08-17,c92ca0dc-6922-4c32-8bec-52f93e17bfb0,Region5G
ZFM-03059,2021-10-13,42860da1-2565-4339-aa76-978d0314642a,Region1G
ZFM-05236,2023-03-28,337aeb44-4687-4077-b0b8-93daa9ddf010,Region4G
ZFM-06272,2023-09-13,80a763f5-54a1-4dfb-b2a3-6773adc88959,Region5G
ZFM-04533,2022-12-28,5782c52f-81dc-403f-bb94-4f39dc4a92a3,Region4G
ZFM-06948,2024-01-24,80365379-89b1-4140-b0e7-d935f3d16ec7,Region5G
ZFM-03448,2021-12-07,563bda29-4e75-4ed0-b455-e95a69c82132,Region7G
ZFM-04026,2022-07-21,5a4cd1ef-d734-4f27-a23b-61229e8f3593,Region5G
ZFM-03065,2021-09-20,5d7c9434-3656-4d35-9388-c1b3105090cb,Region1G
ZFM-04022,2023-01-12,67231166-8980-4146-ad6d-3d7bee327ccf,Region3G
ZFM-06275,2023-07-24,f7b15251-171d-4815-a09d-03e7df86238b,Region4G
ZFM-04392,2022-06-23,3957a214-c434-471d-a5f7-3702ebffa584,Region5G
ZFM-05236,2023-03-31,738bf463-d046-4567-892a-0efbd21fb01d,Region5G
ZFM-04533,2022-11-30,9818d32b-a108-4e6d-a0d0-2ee267003f1e,Region4G
ZFM-03059,2021-09-16,db7b2ae8-4c68-4b3f-9851-9c87a3360569,Region1G
ZFM-06272,2023-08-17,03804e69-1924-47f4-8cb7-6312ab24305d,Region5G
ZFM-03448,2022-01-06,2760105b-ab70-4dfb-aac6-b35f1233a1c8,Region1G
ZFM-03061,2021-09-08,c0695424-7477-4c43-8a28-9d9159ae7018,Region4G
ZFM-06275,2024-01-19,974a8a32-2156-4250-b9db-4298fc8daa65,Region6G
ZFM-03059,2021-09-09,dd549116-68a1-462d-90ef-f4e0ec5c69fc,Region1G
ZFM-06305,2023-08-25,5b54b2c2-22ce-4d25-a1cd-2e611367b34d,Region4G
ZFM-04022,2023-01-10,537a8269-3cdb-4738-9b0f-1134cd4e3d0d,Region3G
ZFM-03061,2021-10-20,db67e1db-7f5d-4095-b25c-f19a844f8b14,Region4G
ZFM-03448,2021-11-27,9377cb93-077e-4301-9a5d-718b91244c25,Region4G
ZFM-06305,2023-08-18,93d7e597-05bb-4d8f-93fc-58da4c5abda7,Region5G
ZFM-06272,2023-07-12,3966a4e3-233a-4915-abcb-0fec2466d04c,Region3G
ZFM-05245,2023-01-26,3da96b73-216d-49c7-9b12-5b6d3d7f98bd,Region4G
ZFM-03450,2021-11-21,27c464a4-5cc3-41b5-b944-a93570658466,Region1G
ZFM-05236,2023-03-17,30848d1f-944c-47c7-949c-e61fd93d2eda,Region3G
ZFM-06271,2023-07-13,ba8d0a39-b96c-4178-a82b-24cc720c7ab9,Region3G
ZFM-06272,2023-08-15,a2306ee2-d845-4b73-abf0-cf1faf35be7d,Region5G
ZFM-05248,2023-07-20,65b43acb-afa5-4590-a400-f7f4c79788ab,Region3G
ZFM-03061,2021-10-22,ec99a9cb-0920-482f-92dd-2d508e3db62b,Region6G
ZFM-06272,2024-01-19,67d81531-0679-496e-816f-410180645f65,Region3G
ZFM-03450,2022-01-05,9f41ef3e-f0cd-4e9a-a1af-4c6fa3f85b8a,Region7G
ZFM-03061,2021-10-19,9c06e82c-ca97-4cb6-9653-cc4dee3956a3,Region4G
ZFM-05248,2023-02-03,05edb276-347e-4eca-8250-4b257b22b439,Region4G
ZFM-03447,2022-03-29,141cd1ec-1ed3-4407-886f-0d6240c80988,Region6G
ZFM-03061,2021-09-23,d61e88c8-3197-4164-9797-59fc1440602a,Region6G
ZFM-05248,2023-07-24,385d2bc7-02e6-4d65-b20a-68ea9bd85e7c,Region3G
ZFM-04022,2022-03-29,368fa77f-1d54-40b0-ace4-bb36ab2b778a,Region6G
ZFM-05248,2023-02-09,466f5411-2841-465c-b2bb-00652e81bac3,Region3G
ZFM-03061,2021-09-08,c0695424-7477-4c43-8a28-9d9159ae7018,Region6G
ZFM-05235,2023-07-03,ff0ca404-8f5c-4a6c-9535-d8e62270112f,Region4G
ZFM-05236,2023-03-15,d7bf2611-00bc-42d3-95c6-ac120753cd94,Region3G
ZFM-06948,2023-12-27,eaec375f-360a-4c4a-90e4-69c5cb9fc2e9,Region3G
ZFM-05248,2023-08-15,b46d38e4-cba5-4d2f-b975-93542a452317,Region3G
ZFM-05245,2023-07-14,5104ba1a-9c35-470a-8f6d-69a07349e19b,Region4G
ZFM-03062,2021-09-03,3f4e6cd3-e402-4de5-84c8-f0ebb9a93fe8,Region4G
ZFM-03061,2021-10-01,ff7faea1-4b90-401d-9f16-2838b20db1a0,Region4G
ZFM-05248,2022-11-30,5e36d10d-3bb9-418b-abce-68fc52581135,Region4G
ZFM-06272,2023-10-16,9297ece6-3037-4527-93c4-014263ae382a,Region6G
ZFM-06268,2023-09-13,7e5be393-a8a4-49ae-b840-7098fa0b785d,Region3G
ZFM-04392,2022-06-29,542dba14-4b70-487c-bd7c-30f359db5c5e,Region5G
ZFM-06305,2023-08-23,a2f74a7f-1b6f-451f-aeda-4f8d3e7c8113,Region4G
ZFM-03447,2021-11-08,8475d56f-1f95-413b-adb2-144c117ef92f,Region4G
ZFM-03059,2022-01-03,18381ae9-05fe-4eb8-8c27-fd1d8d1cb0bf,Region4G
ZFM-06272,2023-09-08,6f224adf-e791-4255-b6ab-e4e1f059813a,Region4G
ZFM-04026,2022-08-03,47fdea29-9505-4a41-892e-d1c15973c684,Region5G
ZFM-05245,2023-03-01,ec02dc0b-7a44-46d9-a140-8400cc5092a7,Region3G
ZFM-06272,2023-09-14,e8685096-7c74-4734-bb74-f042c745d0ae,Region4G
ZFM-06268,2023-07-11,54eae5aa-65d7-43de-a3bd-6c240c798647,Region3G
ZFM-06948,2024-01-16,4a2a79b3-3ff1-476c-a438-6690167eda3e,Region5G
ZFM-05235,2023-10-17,a8b6486f-844b-44d0-bd9b-38904fb15707,Region3G
ZFM-03061,2021-09-01,5a7a0c65-f296-45e6-8a30-64c2e90f5047,Region6G
ZFM-05236,2023-03-20,8481a1f4-464a-4ae4-bdd0-f9ac13afa053,Region3G
ZFM-05235,2023-07-05,c6206a6a-82d7-4b00-a22f-284e142afb05,Region3G
ZFM-04022,2023-07-03,2b051f03-6723-476f-b8e6-f309a119dde7,Region4G
ZFM-03065,2021-09-03,48c4f78b-92f7-4ee2-b9c1-5f807197b5e9,Region1G
ZFM-03062,2021-09-17,a0eab3c3-e882-4e6d-912b-400563d506eb,Region4G
ZFM-04019,2022-04-08,83874b42-22d1-4057-bf2f-de21ef431a1c,Region5G
ZFM-05245,2023-03-17,40da378d-f08f-4c15-9e3e-8a04a0bf4e23,Region4G
ZFM-03061,2021-09-13,54629413-fda5-4bbc-b88f-e8a30ccf9ba3,Region6G
ZFM-04533,2022-06-30,3b071f26-a052-4879-8f9d-05af95c384e3,Region6G
ZFM-05236,2023-06-23,ba98d015-7c70-4d15-bde3-658d667e72ff,Region4G
ZFM-03061,2021-09-24,8957b21f-3ed3-4536-98a0-0093851acb35,Region6G
ZFM-05248,2023-07-07,bca1e711-bd2a-411e-afe2-8da1308994c3,Region4G
ZFM-06271,2023-08-17,aca5341f-3fcd-4743-a02b-d108b584f8b7,Region4G
ZFM-03062,2021-09-07,40909756-d0ce-4146-9588-249bf97f074b,Region4G
ZFM-06271,2024-01-16,a98de948-35f5-411b-b709-d4cc9fece205,Region5G
ZFM-05248,2023-03-15,31aa7e8d-e630-4879-98fc-ff25fc525a13,Region3G
ZFM-04533,2023-01-31,eab7b265-7f0b-4436-86f7-e3dc1ef72294,Region3G
ZFM-03059,2021-10-15,934798fb-006b-4cd4-a546-1b896aa4c212,Region1G
ZFM-06268,2023-07-14,d89c4622-6ec6-4a7d-82c1-776a3316f562,Region3G
ZFM-03061,2021-10-29,49d39c6a-11cc-4fd3-99c5-c612849bfa3b,Region6G
ZFM-04022,2022-04-06,8a8666d6-6a59-4af7-a505-831c6534a216,Region6G
ZFM-06275,2023-08-16,6ab97659-457d-4dd3-9d4e-da2637490d34,Region4G
ZFM-03062,2021-09-08,e470c52d-25bc-4dac-9679-2dc0b7a3677f,Region4G
ZFM-03059,2022-01-05,e69d63c9-a62e-48b2-9773-b137667e46e7,Region4G
ZFM-03447,2022-03-18,9df9120b-c257-4946-aff4-363de9c8c8ad,Region5G
ZFM-04026,2022-08-04,e42f7261-aef4-45e9-8e73-030f26e39ceb,Region5G
ZFM-05236,2023-02-10,c6373022-3939-471b-9ab1-5c4b4660c948,Region4G
ZFM-03062,2021-09-20,fc54cee6-17cb-4c80-b347-a3d109890d1a,Region4G
ZFM-06275,2023-08-15,e5559ea6-fef3-4e68-8b01-545e960b3f59,Region5G
ZFM-06271,2023-10-05,a2f479f2-f706-4014-8513-12633e3271cb,Region6G
ZFM-06305,2023-10-06,31d6b8ec-e9df-4e7d-9b5d-4b24c616dced,Region6G
ZFM-05248,2023-03-01,e34470a5-3770-4665-85fd-a815ad3d8fea,Region4G
ZFM-06272,2024-01-18,fa497c30-4a3a-47db-a0bf-184207418499,Region6G
ZFM-04019,2022-03-21,ba1b77b8-a44c-4ed6-b2da-a146d85e1325,Region5G
ZFM-06275,2023-10-18,5ea8acd2-e366-49c6-8777-852a2c83f66f,Region5G
ZFM-04026,2022-04-01,ea36b277-f62b-44e1-827b-93c14d15c55d,Region5G
ZFM-04392,2022-07-27,a1b3d18a-41f3-4b57-9c2f-f9e205841764,Region5G
ZFM-03061,2021-11-03,c8a880e2-4657-4945-9ec8-f2643cceeff9,Region4G
ZFM-04026,2022-06-29,74d044a1-6aba-4f3d-bacd-46afa7369feb,Region5G
ZFM-05235,2023-03-15,fe1ad473-b4c3-4145-b44f-59c6d040aa0e,Region4G
ZFM-03065,2021-10-07,9fcdc327-707f-4078-b2e3-f671dc30c5f4,Region1G
ZFM-04392,2023-02-01,87f301e0-3776-4094-9399-c98cc053f501,Region3G
ZFM-06268,2023-07-12,b2d12feb-0458-40c6-bfc5-8f1f09c83bc0,Region3G
ZFM-06948,2024-01-19,2d6526a6-a19d-487c-a061-f6e2457abc8b,Region5G
ZFM-04534,2022-07-22,ce52f37b-006e-4583-ba68-23a5d43c7923,Region6G
ZFM-03061,2021-09-29,85914000-ae15-4886-9acb-3cec15c4c052,Region6G
ZFM-03061,2021-09-27,842d7f51-c0e1-4b0d-968e-7a0c25e06c5e,Region4G
ZFM-04533,2023-01-13,7c7e3075-b052-47eb-9f04-4884ba17048f,Region4G
ZFM-06275,2023-10-05,5d25672d-f9c2-4f05-ace1-7414e25e049e,Region4G
ZFM-04533,2022-08-03,a7cce7cd-ed48-4e6b-b3cb-47d760349ddf,Region5G
ZFM-05235,2022-11-28,30d7c4d9-444b-4206-929d-831513921ffc,Region3G
ZFM-04026,2022-08-02,4bd1973d-8d44-4843-85dd-d672ed2a3329,Region6G
ZFM-03450,2021-12-22,e3f37de4-b021-45b0-acd4-16b86c1ff563,Region1G
ZFM-04026,2022-07-22,91ffdde6-b175-4ae0-ad18-0f6ec19405e5,Region5G
ZFM-05248,2023-03-10,f08f1781-068b-42a9-9a7d-6c02cad2bc99,Region3G
ZFM-03061,2021-10-25,0969bacf-a7da-4d1b-9911-39cc47b424c9,Region6G
ZFM-06171,2023-09-28,77248635-81f1-4ad6-96c1-6df614f59f9a,Region4G
ZFM-06272,2023-07-17,a0cf75ac-84c1-41d5-9d4c-4bf2f1614e69,Region5G
ZFM-04026,2022-03-29,e2eb28c5-9198-4275-8845-68838088fdaf,Region5G
ZFM-06275,2023-09-20,aa806292-e871-4ca1-b7c3-aebc786609ec,Region4G
ZFM-05245,2023-07-11,40a2c7c5-bdce-4aae-ab2f-e088d82e58d3,Region3G
ZFM-03061,2021-10-13,4df96f43-0f30-41dd-a166-b556da3db050,Region6G
ZFM-04022,2022-06-23,486af030-47d0-4d14-961c-6d213dd75e63,Region6G
ZFM-03448,2022-07-21,fc6d3c69-d34c-4a67-a411-9a7cea755d13,Region6G
ZFM-04019,2022-08-02,699dc94d-e141-42d7-afa5-ab9a1fa000f8,Region5G
ZFM-06272,2023-08-17,03804e69-1924-47f4-8cb7-6312ab24305d,Region3G
